{
    "total_runtime": 72.2936487197876,
    "num_documents": 6,
    "input_load_time": 0,
    "workflows": {
        "create_base_text_units": {
            "overall": 0.24892783164978027,
            "0_orderby": 0.002885103225708008,
            "1_zip": 0.0034551620483398438,
            "2_aggregate_override": 0.004970550537109375,
            "3_chunk": 0.19264531135559082,
            "4_select": 0.004343509674072266,
            "5_unroll": 0.004667520523071289,
            "6_rename": 0.003487110137939453,
            "7_genid": 0.006441354751586914,
            "8_unzip": 0.005513906478881836,
            "9_copy": 0.004150867462158203,
            "10_filter": 0.014056682586669922
        },
        "create_base_extracted_entities": {
            "overall": 27.506707191467285,
            "0_entity_extract": 27.4622642993927,
            "1_merge_graphs": 0.03520965576171875
        },
        "create_summarized_entities": {
            "overall": 6.090012311935425,
            "0_summarize_descriptions": 6.08469557762146
        },
        "create_base_entity_graph": {
            "overall": 0.056603193283081055,
            "0_cluster_graph": 0.045275211334228516,
            "1_select": 0.0062961578369140625
        },
        "create_final_entities": {
            "overall": 2.0916314125061035,
            "0_unpack_graph": 0.01963496208190918,
            "1_rename": 0.006877422332763672,
            "2_select": 0.00894474983215332,
            "3_dedupe": 0.007431745529174805,
            "4_rename": 0.008583545684814453,
            "5_filter": 0.020183086395263672,
            "6_text_split": 0.012941837310791016,
            "7_drop": 0.009129524230957031,
            "8_merge": 0.03651618957519531,
            "9_text_embed": 1.9218604564666748,
            "10_drop": 0.009160280227661133,
            "11_filter": 0.02341008186340332
        },
        "create_final_nodes": {
            "overall": 0.27026939392089844,
            "0_layout_graph": 0.05665922164916992,
            "1_unpack_graph": 0.033300161361694336,
            "2_unpack_graph": 0.033509016036987305,
            "3_drop": 0.01076364517211914,
            "4_filter": 0.030587196350097656,
            "5_select": 0.017127037048339844,
            "6_rename": 0.012317419052124023,
            "7_convert": 0.03639364242553711,
            "8_join": 0.018582582473754883,
            "9_rename": 0.012127876281738281
        },
        "create_final_communities": {
            "overall": 0.35565948486328125,
            "0_unpack_graph": 0.02387547492980957,
            "1_unpack_graph": 0.04205179214477539,
            "2_aggregate_override": 0.01673293113708496,
            "3_join": 0.020198345184326172,
            "4_join": 0.01938796043395996,
            "5_concat": 0.014513969421386719,
            "6_filter": 0.05013322830200195,
            "7_aggregate_override": 0.01940178871154785,
            "8_join": 0.019418716430664062,
            "9_filter": 0.0484006404876709,
            "10_fill": 0.01639389991760254,
            "11_merge": 0.02246856689453125,
            "12_copy": 0.015444040298461914,
            "13_select": 0.015788555145263672
        },
        "join_text_units_to_entity_ids": {
            "overall": 0.06576919555664062,
            "0_select": 0.01540827751159668,
            "1_unroll": 0.01701951026916504,
            "2_aggregate_override": 0.019034385681152344
        },
        "create_final_relationships": {
            "overall": 0.3044924736022949,
            "0_unpack_graph": 0.029947280883789062,
            "1_filter": 0.06136441230773926,
            "2_rename": 0.025028228759765625,
            "3_filter": 0.0652613639831543,
            "4_drop": 0.0209963321685791,
            "5_compute_edge_combined_degree": 0.028673171997070312,
            "6_convert": 0.03865861892700195,
            "7_convert": 0.019009828567504883
        },
        "join_text_units_to_relationship_ids": {
            "overall": 0.09953618049621582,
            "0_select": 0.01963186264038086,
            "1_unroll": 0.019703149795532227,
            "2_aggregate_override": 0.022150754928588867,
            "3_select": 0.01998114585876465
        },
        "create_final_community_reports": {
            "overall": 31.149044036865234,
            "0_prepare_community_reports_nodes": 0.023108243942260742,
            "1_prepare_community_reports_edges": 0.023986339569091797,
            "2_restore_community_hierarchy": 0.026221036911010742,
            "3_prepare_community_reports": 0.16273164749145508,
            "4_create_community_reports": 30.871946811676025,
            "5_window": 0.022412538528442383
        },
        "create_final_text_units": {
            "overall": 0.19443559646606445,
            "0_select": 0.042021989822387695,
            "1_rename": 0.023810625076293945,
            "2_join": 0.027148962020874023,
            "3_join": 0.0279085636138916,
            "4_aggregate_override": 0.030506610870361328,
            "5_select": 0.022638320922851562
        },
        "create_base_documents": {
            "overall": 0.3451251983642578,
            "0_unroll": 0.024384737014770508,
            "1_select": 0.02341151237487793,
            "2_rename": 0.023366212844848633,
            "3_join": 0.02848196029663086,
            "4_aggregate_override": 0.02525186538696289,
            "5_join": 0.030980348587036133,
            "6_rename": 0.028877973556518555,
            "7_convert": 0.13822317123413086
        },
        "create_final_documents": {
            "overall": 0.05411076545715332,
            "0_rename": 0.02640366554260254
        }
    }
}